Barcode,to_remove
AACAGTCTGACGAATT-1,to_remove
AACCTTAACGACAGTC-1,to_remove
AACGAGGACATATTAA-1,to_remove
AACGGTTGTCACGGCC-1,to_remove
AACGTCATGGACTCAC-1,to_remove
AAGCGAGGACTGAGTC-1,to_remove
AAGGCCTCTATCTAGA-1,to_remove
AAGGTTGGCGAGGTTC-1,to_remove
AAGTTCAGCGATAGCA-1,to_remove
AATCCTTCTGTCCTTA-1,to_remove
AATTATACAGTCTACA-1,to_remove
AATTATACGAGGTCCT-1,to_remove
AATTCCAGAATACCAT-1,to_remove
AATTCTCAGGACCTCA-1,to_remove
ACAACGAGGCCTAATG-1,to_remove
ACAACGGCTAAGAATT-1,to_remove
ACAAGTCACCGCGTTC-1,to_remove
ACAATAAGGAAGTACT-1,to_remove
ACAATACGGTAACAGG-1,to_remove
ACAGAATAGACAGAAG-1,to_remove
ACAGTAGGCCAGGCAC-1,to_remove
ACAGTCGACATGCTGT-1,to_remove
ACATGCCTACCTACAT-1,to_remove
ACCGGCTAGCCGTCTG-1,to_remove
ACGAGTCAGGACGATT-1,to_remove
ACGCTTCTATAGGCTG-1,to_remove
ACGGCTGCAATAACGA-1,to_remove
ACGTTATGGACTAAGG-1,to_remove
ACTCAGGCGGCCTTAT-1,to_remove
ACTTGTGAGGATCATG-1,to_remove
AGAACCGATCAGGTCG-1,to_remove
AGACGGTTATGACTCA-1,to_remove
AGACTTGGACTCTACT-1,to_remove
AGATACTCAGAACTAT-1,to_remove
AGATCTTAATAGTCAG-1,to_remove
AGCCACAGAACTCACG-1,to_remove
AGCCTCCAGGTGACTG-1,to_remove
AGCGCTACTTCCGCTG-1,to_remove
AGCTCCGGCTTCAACG-1,to_remove
AGGACTGATGGCTTGA-1,to_remove
AGGATAGTGCTGGTCC-1,to_remove
AGGCTGATCATTCAAT-1,to_remove
AGGCTTCCTCGCCGAT-1,to_remove
AGTACACGCTCCAGGC-1,to_remove
AGTACTCCAGAAGTAT-1,to_remove
AGTAGAGCTTAGTTCT-1,to_remove
AGTCGGCTAATATCCT-1,to_remove
AGTTATAACCGTATGT-1,to_remove
ATAACATATCACTTCT-1,to_remove
ATAACGCTCAATCACT-1,to_remove
ATACATCTCGAGGACT-1,to_remove
ATACTATGAGGACCGA-1,to_remove
ATCAAGGATGCTCCAG-1,to_remove
ATCATTCATGCATAAT-1,to_remove
ATCCTACATAGTAAGG-1,to_remove
ATCGTCACGCTGACCG-1,to_remove
ATGGAGTAATCCAGTG-1,to_remove
ATGGTATGCGACCGCC-1,to_remove
ATGTACGATGAGTCTT-1,to_remove
ATGTCGCAGAGCTGTC-1,to_remove
ATGTGACACTAACGTC-1,to_remove
ATGTTACGCTTAAGTG-1,to_remove
ATTAACGGTCCTGAGC-1,to_remove
ATTCTTAACGCATTGA-1,to_remove
CAACGTACCAACCATC-1,to_remove
CAAGATTAAGCGGCAT-1,to_remove
CAAGGCTCGTAAGGCT-1,to_remove
CAAGTCTGGCAACCGG-1,to_remove
CAATTGTTCGCTGGCA-1,to_remove
CACCTCGCCTGCACTT-1,to_remove
CACGATGGTGTCTGAA-1,to_remove
CACGATTGCGGAGTAC-1,to_remove
CACGTGGTACCGTGGC-1,to_remove
CACTCAGTACCTTCAA-1,to_remove
CACTGGTGCTCGAGCA-1,to_remove
CAGACGTGGAGCTGAC-1,to_remove
CAGAGGTAAGCTATGG-1,to_remove
CAGTCTATTGTAAGGC-1,to_remove
CATAATCAGATATCTG-1,to_remove
CATTGTCATAGACCGA-1,to_remove
CCAGGTGATATGCTTA-1,to_remove
CCGACAGAGGACCATT-1,to_remove
CCGTGAGCCACTATAG-1,to_remove
CCTCGCGAGGTCGGTG-1,to_remove
CCTTAATTACTGGAGC-1,to_remove
CCTTAGCGTCCAAGGT-1,to_remove
CCTTCAACCTACGATA-1,to_remove
CCTTCAATAATTCACC-1,to_remove
CCTTCAGGCGGTACGG-1,to_remove
CCTTCATAGCTACACG-1,to_remove
CGACCGAGTGAGGAGT-1,to_remove
CGACGGAGATCTCGTC-1,to_remove
CGATAAGATTCTAACT-1,to_remove
CGATGAATTCGGCAGT-1,to_remove
CGATGAGGAAGTGCCG-1,to_remove
CGATGAGTTCCGACAG-1,to_remove
CGCACGCCATAGGTAG-1,to_remove
CGCAGTCGGACGCTGC-1,to_remove
CGCTCATGGATACCGT-1,to_remove
CGCTGTGACAGACTTC-1,to_remove
CGCTTAGTAATCACGC-1,to_remove
CGGCCTCCATAGGCTT-1,to_remove
CGGCCTCCTTATAGCG-1,to_remove
CGGTAGACCTGTGGTC-1,to_remove
CGTAGTCGCCAACCTA-1,to_remove
CTAATTACCTATGCAC-1,to_remove
CTAATTGTCGATAACA-1,to_remove
CTACAGTACAAGACCG-1,to_remove
CTACCTTAGATAACGG-1,to_remove
CTATGCCAATGCGTCA-1,to_remove
CTCAAGGTTCTGACAA-1,to_remove
CTCAATACCTAGACAA-1,to_remove
CTCACGGAAGCCTGTA-1,to_remove
CTCCGGCAGTTAACTT-1,to_remove
CTCGTGATTGATAGAC-1,to_remove
CTGACTGTTGGACAAT-1,to_remove
CTGCAACGCATCACAA-1,to_remove
CTGCCGAAGGCCTCGC-1,to_remove
CTGCGAGCGGTAACTT-1,to_remove
CTGCGTATAGGTTACG-1,to_remove
CTGGCCTGACATCTAG-1,to_remove
CTGTATGAGTTCATCT-1,to_remove
CTTAGTGGTTGAATTG-1,to_remove
CTTCAACACTCGCAAT-1,to_remove
CTTCGTCATTGTGAAC-1,to_remove
CTTGAGTTATAAGTGC-1,to_remove
GAACATTCCGGCAGGT-1,to_remove
GAACTAGGTAGACGAT-1,to_remove
GAATCATATTAGCCGT-1,to_remove
GAATGACACGCTGTAG-1,to_remove
GACCACGGTTATTCCG-1,to_remove
GACCTGCTCCAACTTA-1,to_remove
GACGTCTTACGCTGTC-1,to_remove
GACTACGATGAACGCC-1,to_remove
GACTATTCGGCCTACT-1,to_remove
GAGCCATTGACCAGTT-1,to_remove
GAGGAACTAATGTAGT-1,to_remove
GAGTCCTATGGATCTT-1,to_remove
GAGTTACTGTATTATC-1,to_remove
GATACATAGTCGCTAT-1,to_remove
GATCCACGTCTATGGT-1,to_remove
GATCCACTGTTGCTGT-1,to_remove
GATCCATCCGCTTCCA-1,to_remove
GCAAGAACGAAGGTTC-1,to_remove
GCACTCGGCAGCGGCA-1,to_remove
GCCAGAATAATGATGG-1,to_remove
GCCGTATGACGACAGA-1,to_remove
GCCTATGACAGTACCT-1,to_remove
GCCTCCACTTAACGCC-1,to_remove
GCCTTCACAATAGAGT-1,to_remove
GCGACGAGGTCTTGCT-1,to_remove
GCGTGGCTAAGAACCG-1,to_remove
GCTACCGAGTTCCGTA-1,to_remove
GCTAGCTGAGTCCTGT-1,to_remove
GCTCAACCGTGGATAA-1,to_remove
GCTGCGTCCGCATTAA-1,to_remove
GCTTCTACAACCTTCT-1,to_remove
GCTTCTCATAAGGTGC-1,to_remove
GCTTGATCATCTGGTA-1,to_remove
GCTTGGCTCGAATATC-1,to_remove
GCTTGGTCGCGTGCGA-1,to_remove
GGAATGGTAACGGCAA-1,to_remove
GGATAGGACTCGTTAG-1,to_remove
GGATCGCTGACGTCAG-1,to_remove
GGATTAGAGTTGCAAT-1,to_remove
GGTAAGCCTTCGGTCT-1,to_remove
GGTACCGCATCAATGG-1,to_remove
GGTTGTCTGTCCGACC-1,to_remove
GTAACGTTACAGACGG-1,to_remove
GTAAGTAAGACAGGTT-1,to_remove
GTACAGGACACCGATT-1,to_remove
GTATAATCGAGGCTTG-1,to_remove
GTATAATCGGCACCTT-1,to_remove
GTATGATATGGCAAGC-1,to_remove
GTATGTTCAGGCTATG-1,to_remove
GTATTCTGATCTCATC-1,to_remove
GTCACTGTTGAGCGAC-1,to_remove
GTCAGGAGTGCATTAG-1,to_remove
GTCCTTATGAACTCGG-1,to_remove
GTCGAATAGAATGGAC-1,to_remove
GTCGAGTGGCGTTAGC-1,to_remove
GTCGCCTGCACGAGCC-1,to_remove
GTCTAGTTAGATGTAT-1,to_remove
GTCTTCCTAGGCTGGA-1,to_remove
GTGACAACGACAACCA-1,to_remove
GTGACACCGGTCTGAT-1,to_remove
GTGCCACCATAATGTA-1,to_remove
GTGCCAGTGGATGGTC-1,to_remove
GTTATGTCGGCGTGCG-1,to_remove
GTTATTACCTGAACCG-1,to_remove
GTTATTCTGCCTTAAC-1,to_remove
GTTCCATGCGATAGTC-1,to_remove
TAACAGGACGCTATCC-1,to_remove
TAACGTAAGGCGTGAA-1,to_remove
TAAGACGCAGATGGAA-1,to_remove
TAAGATAGTTCCGATT-1,to_remove
TAATTAGTGAGTTGAA-1,to_remove
TAATTGTCACGGCCTC-1,to_remove
TACGTACAGTCCACCT-1,to_remove
TAGAACTCTGAGTTGT-1,to_remove
TAGAAGGTGGTCTGTA-1,to_remove
TAGACCGTTCATCTAT-1,to_remove
TAGGAGTTCGACTCGC-1,to_remove
TAGGCTAGACATTACG-1,to_remove
TAGTGAATGGAGTCGC-1,to_remove
TAGTGCTCTTCAGTGA-1,to_remove
TATCCTATTACTATCA-1,to_remove
TATCCTGCCACGGATG-1,to_remove
TATGACGGAGGCACGA-1,to_remove
TATGCGTGTCTTAGCG-1,to_remove
TATGTTAGTAAGGCTG-1,to_remove
TATTCGATTCGTCACC-1,to_remove
TCAAGGAGTATCTAAG-1,to_remove
TCAATTGCCGTACATC-1,to_remove
TCAGACATACGCGAGG-1,to_remove
TCAGACGTCGCCGGCG-1,to_remove
TCAGCTTCCTTAATGG-1,to_remove
TCAGTGCTTAAGCTTC-1,to_remove
TCATGGAAGTGAGCCG-1,to_remove
TCCACGACCTGTAGCC-1,to_remove
TCCAGACTTCGCACCA-1,to_remove
TCCGCCTCTTGGAAGG-1,to_remove
TCCTATTGTCCGGTTC-1,to_remove
TCCTTGGCAGTATCCG-1,to_remove
TCGATCTAGGTGTCGC-1,to_remove
TCGCGGATTCGCGGCT-1,to_remove
TCGGAGTGGTCAATTA-1,to_remove
TCGGTGTCAATACAGC-1,to_remove
TCGTAACCTTGAGCGA-1,to_remove
TCGTAGACATGGTTGA-1,to_remove
TCGTATACTCTTAGCG-1,to_remove
TCGTCAGAACGCCGCT-1,to_remove
TCGTCAGTCGACGGAT-1,to_remove
TCGTTGGTGCGAACCG-1,to_remove
TCTAGAATGATCCTTC-1,to_remove
TCTAGCTCCGCTGCTA-1,to_remove
TCTGCCGAATCTAGCC-1,to_remove
TCTTCGGTTGACTTAA-1,to_remove
TGAGAACATTCTCAGC-1,to_remove
TGAGTTGACACTTAAC-1,to_remove
TGATTCACTACCGATG-1,to_remove
TGCAGTCGTGTTGCCT-1,to_remove
TGCAGTTCTTCACTAT-1,to_remove
TGCATTCCACAATGAC-1,to_remove
TGCCGTTGAATAGTAC-1,to_remove
TGCCTACTGTAATGTA-1,to_remove
TGCCTATGAAGAATAG-1,to_remove
TGCGATTCATGCAACG-1,to_remove
TGCGGAGGACTCAACG-1,to_remove
TGCTTAGAACCTCGTG-1,to_remove
TGGCTGCAACCATACT-1,to_remove
TGGCTGGTGCGACGCT-1,to_remove
TGTAATCGCATAGGAT-1,to_remove
TGTAGTCTATCACCGC-1,to_remove
TGTCAACACTTCAGTT-1,to_remove
TGTCCATGTATTCGCC-1,to_remove
TGTCGAAGGTCGGCTT-1,to_remove
TGTCGAGTTAGCTTAT-1,to_remove
TGTCTAATGCTTCGGA-1,to_remove
TGTCTGCCATACCGCC-1,to_remove
TGTTAACGAGACATCG-1,to_remove
TGTTCGTACACGGCCA-1,to_remove
TGTTGGATAGATCAGA-1,to_remove
